{
  "general": {
    "customThrow": true,
    "fallSounds": true,
    "disableCactusDamage": true,
    "swimmingItems": {
      "entries": [
        "{id:\"blocktag\",tag:\"minecraft:mineable/axe\"}",
        "{id:\"blocktag\",tag:\"minecraft:logs\"}",
        "{id:\"blocktag\",tag:\"minecraft:planks\"}",
        "{block:\"minecraft:sponge\",id:\"block\"}",
        "{block:\"minecraft:wet_sponge\",id:\"block\"}",
        "{id:\"blocktag\",tag:\"minecraft:ice\"}",
        "{id:\"blocktag\",tag:\"minecraft:leaves\"}",
        "{id:\"blocktag\",tag:\"minecraft:flowers\"}",
        "{id:\"blocktag\",tag:\"minecraft:small_flowers\"}",
        "{id:\"blocktag\",tag:\"minecraft:tall_flowers\"}",
        "{id:\"blocktag\",tag:\"minecraft:snow\"}",
        "{block:\"minecraft:cactus\",id:\"block\"}",
        "{block:\"minecraft:cake\",id:\"block\"}",
        "{block:\"minecraft:cobweb\",id:\"block\"}",
        "{block:\"minecraft:snow\",id:\"block\"}",
        "{id:\"item\",item:\"minecraft:apple\"}",
        "{id:\"item\",item:\"minecraft:bow\"}",
        "{id:\"item\",item:\"minecraft:bowl\"}",
        "{id:\"item\",item:\"minecraft:arrow\"}",
        "{id:\"item\",item:\"minecraft:apple\"}",
        "{block:\"minecraft:tripwire\",id:\"block\"}",
        "{id:\"item\",item:\"minecraft:feather\"}",
        "{id:\"item\",item:\"minecraft:wheat\"}",
        "{id:\"item\",item:\"minecraft:bread\"}",
        "{id:\"item\",item:\"minecraft:painting\"}",
        "{id:\"item\",item:\"minecraft:acacia_boat\"}",
        "{block:\"minecraft:acacia_door\",id:\"block\"}",
        "{id:\"item\",item:\"minecraft:dark_oak_boat\"}",
        "{block:\"minecraft:dark_oak_door\",id:\"block\"}",
        "{id:\"item\",item:\"minecraft:birch_boat\"}",
        "{block:\"minecraft:birch_door\",id:\"block\"}",
        "{id:\"item\",item:\"minecraft:jungle_boat\"}",
        "{block:\"minecraft:jungle_door\",id:\"block\"}",
        "{id:\"item\",item:\"minecraft:oak_boat\"}",
        "{block:\"minecraft:oak_door\",id:\"block\"}",
        "{id:\"item\",item:\"minecraft:spruce_boat\"}",
        "{block:\"minecraft:spruce_door\",id:\"block\"}",
        "{id:\"item\",item:\"minecraft:saddle\"}",
        "{id:\"item\",item:\"minecraft:bone\"}",
        "{id:\"item\",item:\"minecraft:sugar\"}",
        "{id:\"item\",item:\"minecraft:egg\"}",
        "{id:\"item\",item:\"minecraft:fishing_rod\"}",
        "{block:\"minecraft:cake\",id:\"block\"}",
        "{block:\"minecraft:melon\",id:\"block\"}",
        "{id:\"item\",item:\"minecraft:shears\"}",
        "{block:\"minecraft:carrots\",id:\"block\"}",
        "{block:\"minecraft:potatoes\",id:\"block\"}",
        "{id:\"item\",item:\"minecraft:poisonous_potato\"}",
        "{id:\"item\",item:\"minecraft:baked_potato\"}",
        "{id:\"item\",item:\"minecraft:pumpkin_pie\"}",
        "{id:\"item\",item:\"minecraft:elytra\"}",
        "{id:\"item\",item:\"minecraft:mutton\"}",
        "{id:\"item\",item:\"minecraft:cooked_mutton\"}",
        "{id:\"item\",item:\"minecraft:rabbit\"}",
        "{id:\"item\",item:\"minecraft:cooked_rabbit\"}",
        "{id:\"item\",item:\"minecraft:rabbit_stew\"}",
        "{id:\"item\",item:\"minecraft:beetroot\"}",
        "{block:\"minecraft:beetroots\",id:\"block\"}",
        "{id:\"item\",item:\"minecraft:beetroot_soup\"}",
        "{id:\"item\",item:\"minecraft:shield\"}",
        "{block:\"minecraft:wheat\",id:\"block\"}",
        "{block:\"minecraft:pumpkin_stem\",id:\"block\"}",
        "{block:\"minecraft:melon_stem\",id:\"block\"}",
        "{id:\"item\",item:\"minecraft:snowball\"}"
      ],
      "isWhitelist": true
    },
    "burningItems": {
      "entries": [
        "{id:\"blocktag\",tag:\"minecraft:mineable/axe\"}",
        "{id:\"blocktag\",tag:\"minecraft:logs_that_burn\"}",
        "{id:\"blocktag\",tag:\"minecraft:planks\"}",
        "{block:\"minecraft:sponge\",id:\"block\"}",
        "{block:\"minecraft:wet_sponge\",id:\"block\"}",
        "{id:\"blocktag\",tag:\"minecraft:ice\"}",
        "{id:\"blocktag\",tag:\"minecraft:leaves\"}",
        "{id:\"blocktag\",tag:\"minecraft:wool\"}",
        "{id:\"blocktag\",tag:\"minecraft:wool_carpets\"}",
        "{id:\"blocktag\",tag:\"minecraft:flowers\"}",
        "{id:\"blocktag\",tag:\"minecraft:small_flowers\"}",
        "{id:\"blocktag\",tag:\"minecraft:tall_flowers\"}",
        "{id:\"blocktag\",tag:\"minecraft:snow\"}",
        "{block:\"minecraft:cactus\",id:\"block\"}",
        "{block:\"minecraft:cake\",id:\"block\"}",
        "{block:\"minecraft:cobweb\",id:\"block\"}",
        "{block:\"minecraft:snow\",id:\"block\"}",
        "{id:\"item\",item:\"minecraft:apple\"}",
        "{id:\"item\",item:\"minecraft:bow\"}",
        "{id:\"item\",item:\"minecraft:bowl\"}",
        "{id:\"item\",item:\"minecraft:arrow\"}",
        "{id:\"item\",item:\"minecraft:apple\"}",
        "{block:\"minecraft:tripwire\",id:\"block\"}",
        "{id:\"item\",item:\"minecraft:feather\"}",
        "{id:\"item\",item:\"minecraft:wheat\"}",
        "{id:\"item\",item:\"minecraft:bread\"}",
        "{id:\"item\",item:\"minecraft:leather\"}",
        "{id:\"item\",item:\"minecraft:leather_boots\"}",
        "{id:\"item\",item:\"minecraft:leather_chestplate\"}",
        "{id:\"item\",item:\"minecraft:leather_helmet\"}",
        "{id:\"item\",item:\"minecraft:leather_leggings\"}",
        "{id:\"item\",item:\"minecraft:lead\"}",
        "{id:\"item\",item:\"minecraft:painting\"}",
        "{id:\"item\",item:\"minecraft:acacia_boat\"}",
        "{block:\"minecraft:acacia_door\",id:\"block\"}",
        "{id:\"item\",item:\"minecraft:dark_oak_boat\"}",
        "{block:\"minecraft:dark_oak_door\",id:\"block\"}",
        "{id:\"item\",item:\"minecraft:birch_boat\"}",
        "{block:\"minecraft:birch_door\",id:\"block\"}",
        "{id:\"item\",item:\"minecraft:jungle_boat\"}",
        "{block:\"minecraft:jungle_door\",id:\"block\"}",
        "{id:\"item\",item:\"minecraft:oak_boat\"}",
        "{block:\"minecraft:oak_door\",id:\"block\"}",
        "{id:\"item\",item:\"minecraft:spruce_boat\"}",
        "{block:\"minecraft:spruce_door\",id:\"block\"}",
        "{id:\"item\",item:\"minecraft:saddle\"}",
        "{id:\"item\",item:\"minecraft:bone\"}",
        "{id:\"item\",item:\"minecraft:sugar\"}",
        "{id:\"item\",item:\"minecraft:paper\"}",
        "{id:\"item\",item:\"minecraft:book\"}",
        "{id:\"item\",item:\"minecraft:egg\"}",
        "{id:\"item\",item:\"minecraft:fishing_rod\"}",
        "{block:\"minecraft:cake\",id:\"block\"}",
        "{block:\"minecraft:melon\",id:\"block\"}",
        "{id:\"item\",item:\"minecraft:shears\"}",
        "{id:\"item\",item:\"minecraft:writable_book\"}",
        "{id:\"item\",item:\"minecraft:written_book\"}",
        "{block:\"minecraft:carrots\",id:\"block\"}",
        "{block:\"minecraft:potatoes\",id:\"block\"}",
        "{id:\"item\",item:\"minecraft:poisonous_potato\"}",
        "{id:\"item\",item:\"minecraft:baked_potato\"}",
        "{id:\"item\",item:\"minecraft:map\"}",
        "{id:\"item\",item:\"minecraft:filled_map\"}",
        "{id:\"item\",item:\"minecraft:pumpkin_pie\"}",
        "{id:\"item\",item:\"minecraft:name_tag\"}",
        "{id:\"item\",item:\"minecraft:enchanted_book\"}",
        "{id:\"item\",item:\"minecraft:elytra\"}",
        "{id:\"item\",item:\"minecraft:mutton\"}",
        "{id:\"item\",item:\"minecraft:cooked_mutton\"}",
        "{id:\"item\",item:\"minecraft:rabbit\"}",
        "{id:\"item\",item:\"minecraft:cooked_rabbit\"}",
        "{id:\"item\",item:\"minecraft:rabbit_stew\"}",
        "{id:\"item\",item:\"minecraft:beetroot\"}",
        "{block:\"minecraft:beetroots\",id:\"block\"}",
        "{id:\"item\",item:\"minecraft:beetroot_soup\"}",
        "{id:\"item\",item:\"minecraft:shield\"}",
        "{block:\"minecraft:wheat\",id:\"block\"}",
        "{block:\"minecraft:pumpkin_stem\",id:\"block\"}",
        "{block:\"minecraft:melon_stem\",id:\"block\"}",
        "{id:\"fuel\"}",
        "{id:\"item\",item:\"minecraft:spider_eye\"}",
        "{id:\"item\",item:\"minecraft:rotten_flesh\"}",
        "{id:\"item\",item:\"minecraft:snowball\"}"
      ],
      "isWhitelist": true
    },
    "undestroyableItems": {
      "entries": [
        "{id:\"item\",item:\"minecraft:nether_star\"}",
        "{block:\"minecraft:bedrock\",id:\"block\"}",
        "{block:\"minecraft:obsidian\",id:\"block\"}",
        "{block:\"minecraft:barrier\",id:\"block\"}"
      ],
      "isWhitelist": true
    }
  },
  "pickup": {
    "customPickup": false,
    "pickupWhenSneaking": true,
    "pickupNormally": false,
    "maximumPickupRange": 5.0
  }
}